	test_AUC	test_AUPRC	test_dom_AUC	test_dom_AUPRC	test_dom_AUPRC_ratio
0	0.6980846684706663	0.030004968420459445	0.6920626392238544	0.2964973565941226	3.702904517035518
