	test_AUC	test_AUPRC	test_dom_AUC	test_dom_AUPRC	test_dom_AUPRC_ratio
0	0.6837010211478479	0.03410093418010134	0.6804509868165892	0.27966732936438743	3.0852024474522257
