	test_AUC	test_AUPRC	test_dom_AUC	test_dom_AUPRC	test_dom_AUPRC_ratio
0	0.7051985671712757	0.04265652845317079	0.7473551532603006	0.3307761239252043	3.8078217697385393
