	test_AUC	test_AUPRC	test_dom_AUC	test_dom_AUPRC	test_dom_AUPRC_ratio
0	0.6221059574860575	0.035712327141798644	0.6609790900579919	0.2574952545754685	2.8985015865390427
