	test_AUC	test_AUPRC	test_dom_AUC	test_dom_AUPRC	test_dom_AUPRC_ratio
0	0.7072027481766222	0.03386901652922985	0.7159965997540289	0.28563186181135436	3.328340778951402
