	test_AUC	test_AUPRC	test_dom_AUC	test_dom_AUPRC	test_dom_AUPRC_ratio
0	0.7839454143722189	0.1978045335640543	0.7621171702468228	0.30464471997190595	15.542534390680505
