	test_AUC	test_AUPRC	test_dom_AUC	test_dom_AUPRC	test_dom_AUPRC_ratio
0	0.8425056708425461	0.23299713954126594	0.8426064654785336	0.39533187449526325	24.820057540429634
