	test_AUC	test_AUPRC	test_dom_AUC	test_dom_AUPRC	test_dom_AUPRC_ratio
0	0.8641945803931348	0.34110997689259015	0.859834268380047	0.48554473855866126	31.712536135970318
