	test_AUC	test_AUPRC	test_dom_AUC	test_dom_AUPRC	test_dom_AUPRC_ratio
0	0.8577648770127162	0.2631027030917883	0.876580912435876	0.47892688461083865	30.93638620583308
