	test_AUC	test_AUPRC	test_dom_AUC	test_dom_AUPRC	test_dom_AUPRC_ratio
0	0.8740330279479445	0.32572844883334584	0.8666750489900584	0.43925383034898546	27.780302876410843
