	test_AUC	test_AUPRC	test_dom_AUC	test_dom_AUPRC	test_dom_AUPRC_ratio
0	0.6071139896313857	0.015899137145263382	0.5716981809330681	0.1426888982161555	3.289917540284937
