	test_AUC	test_AUPRC	test_dom_AUC	test_dom_AUPRC	test_dom_AUPRC_ratio
0	0.6102094435247085	0.025259794962129142	0.6598896838579758	0.20723111431456218	5.70405636209649
