	test_AUC	test_AUPRC	test_dom_AUC	test_dom_AUPRC	test_dom_AUPRC_ratio
0	0.6399891688248223	0.020328256158799705	0.6391454061477294	0.18542599558038741	5.147418277339926
