	test_AUC	test_AUPRC	test_dom_AUC	test_dom_AUPRC	test_dom_AUPRC_ratio
0	0.6840396692606973	0.018802013526190826	0.6574054352575227	0.18487197610727438	7.451984837473903
