	test_AUC	test_AUPRC	test_dom_AUC	test_dom_AUPRC	test_dom_AUPRC_ratio
0	0.7035922418361813	0.025776628469095134	0.6502265838406734	0.21038607440943122	6.227986424894447
