	test_AUC	test_AUPRC	test_dom_AUC	test_dom_AUPRC	test_dom_AUPRC_ratio
0	0.8012613013732257	0.20163129526627133	0.7059086916796077	0.5203007700564884	2.5366399154832204
