	test_AUC	test_AUPRC	test_dom_AUC	test_dom_AUPRC	test_dom_AUPRC_ratio
0	0.7717456156931672	0.15901477297771355	0.6089532106457498	0.4563405638230617	2.20803848958101
