	test_AUC	test_AUPRC	test_dom_AUC	test_dom_AUPRC	test_dom_AUPRC_ratio
0	0.8524869096773878	0.2694053726595192	0.6623182962888382	0.48852913143237836	1.973102590532987
