	test_AUC	test_AUPRC	test_dom_AUC	test_dom_AUPRC	test_dom_AUPRC_ratio
0	0.8368094900849858	0.26137087240308704	0.6682465287828017	0.489948543067076	1.9861058303850747
