	test_AUC	test_AUPRC	test_dom_AUC	test_dom_AUPRC	test_dom_AUPRC_ratio
0	0.770821658623043	0.1333450307143339	0.6291605152449351	0.47203449999615554	2.14610433335395
