	test_AUC	test_AUPRC	test_dom_AUC	test_dom_AUPRC	test_dom_AUPRC_ratio
0	0.8171322873741159	0.20403837640181913	0.8258945174280218	0.42128284363071555	12.330244053891247
