	test_AUC	test_AUPRC	test_dom_AUC	test_dom_AUPRC	test_dom_AUPRC_ratio
0	0.7838194053563615	0.1771249985285989	0.7946808256690031	0.3705087239209762	10.857690239985535
