	test_AUC	test_AUPRC	test_dom_AUC	test_dom_AUPRC	test_dom_AUPRC_ratio
0	0.8145745703967717	0.19141692587519593	0.8228686451044849	0.4299290754521064	12.021912469640856
