	test_AUC	test_AUPRC	test_dom_AUC	test_dom_AUPRC	test_dom_AUPRC_ratio
0	0.7858489038963027	0.15258697747211467	0.7969363190066472	0.31800436607068394	7.669342021284355
