	test_AUC	test_AUPRC	test_dom_AUC	test_dom_AUPRC	test_dom_AUPRC_ratio
0	0.8212218673262212	0.21544547757782503	0.8405448637427577	0.4171367766786199	10.53938548908733
