	test_AUC	test_AUPRC	test_dom_AUC	test_dom_AUPRC	test_dom_AUPRC_ratio
0	0.6994582912753706	0.05789625453302213	0.7545070442239192	0.34044454589107737	3.805278490042123
