	test_AUC	test_AUPRC	test_dom_AUC	test_dom_AUPRC	test_dom_AUPRC_ratio
0	0.8179246509162509	0.2093107912441777	0.8292089838873733	0.3935688738699506	10.453905760231574
