	test_AUC	test_AUPRC	test_dom_AUC	test_dom_AUPRC	test_dom_AUPRC_ratio
0	0.8758341208715829	0.286130710879486	0.8733913286692898	0.4353028306946222	31.135738486974187
