	test_AUC	test_AUPRC	test_dom_AUC	test_dom_AUPRC	test_dom_AUPRC_ratio
0	0.6904607966463182	0.02328175971103308	0.6602166906770244	0.21325160543176247	6.12665566225143
