	test_AUC	test_AUPRC	test_dom_AUC	test_dom_AUPRC	test_dom_AUPRC_ratio
0	0.8029497627417382	0.20272431325978235	0.6854980170645235	0.5165384617448974	2.5648646933877908
